stride(Bytes),16KB,32KB,64KB,128KB,256KB,512KB,1MiB,2MiB,4MiB,8MiB,16MiB,32MiB,64MiB,128MiB,256MiB,512MiB,1GB,2GB,4GB,8GB,16GB,32GB
2097152,0,0,0,0,0,0,0,30.990857,30.991699,30.992410,30.992825,30.993675,30.994183,30.995170,27.200105,25.924201,24.903401,31.556103,155.130727,156.619031,153.530479,152.297760
4194304,0,0,0,0,0,0,0,0,28.064363,28.064763,28.065124,28.065498,28.065865,28.066279,28.066768,25.735841,24.947879,32.476312,24.092558,155.699950,157.355872,153.917621
8388608,0,0,0,0,0,0,0,0,0,25.196587,25.196960,25.197328,25.197718,25.198136,25.198870,25.199378,24.302148,29.182911,25.298963,28.785596,153.652388,154.759344
16777216,0,0,0,0,0,0,0,0,0,0,24.600690,24.601092,24.601470,24.601856,24.602232,24.602658,24.603147,29.252450,42.920136,33.541292,24.684187,156.132034
33554432,0,0,0,0,0,0,0,0,0,0,0,31.052913,31.053308,31.054072,31.054460,31.054832,31.055235,99.618888,34.171385,46.199374,35.508799,25.777248
67108864,0,0,0,0,0,0,0,0,0,0,0,0,31.012634,31.012964,31.013314,31.013679,31.014057,99.206579,44.524487,45.686248,27.834545,24.489961
134217728,0,0,0,0,0,0,0,0,0,0,0,0,0,27.870931,27.871308,27.871677,27.872055,67.786540,91.228106,36.546055,41.697061,25.175096
