stride(Bytes),8KB,16KB,32KB,64KB,96KB,128KB,160KB,192KB,224KB,256KB,512KB,1MiB,2MiB,4MiB,6MiB,8MiB,10MiB,12MiB,14MiB,16MiB,18MiB,20MiB,22MiB,24MiB,26MiB,28MiB,30MiB,32MiB,34MiB,36MiB,38MiB,40MiB,42MiB,44MiB,46MiB,48MiB,50MiB,52MiB,54MiB,56MiB,58MiB,60MiB,62MiB,64MiB,96MiB
32,23.701663,32.483345,36.299979,25.977302,20.286517,27.086410,28.148750,21.879665,44.787148,150.637464,149.363828,150.373407,149.582957,150.061415,149.892845,149.756215,149.667459,149.584689,149.505617,194.208087,155.878701,149.527349,209.158191,180.130025,182.025232,204.698411,217.415726,217.463468,217.419034,217.413942,217.486142,217.535821,217.525058,217.727021,220.416045,223.670671,229.097386,249.882959,255.160781,261.089063,260.442589,260.366822,260.291191,261.150367,261.010522
64,39.807469,44.809607,45.145212,21.631046,33.224174,20.676152,25.684047,24.195739,43.754300,156.270055,153.379329,151.083650,151.136602,150.101540,149.678998,150.028244,149.945504,149.867021,149.791219,149.733914,149.700811,269.609516,172.387624,172.052758,209.790347,257.118503,282.780579